視聴日時,タイトル,チャンネル,URL,視聴回数,カテゴリ
2026/05/19 20:24:32 JST,パリッパリに鶏肉を焼いて野菜とソースまで仕上げるスタイル｜スーパーの食材をあの手この手で美味しくするシェフのレシピ,George ジョージ吉田,https://www.youtube.com/watch?v=P0bcSniztA4,6,レシピ
2026/05/18 15:54:58 JST,【帝国ホテル料理長 直伝】スーパーの鶏もも肉をパリパリジューシーにする焼き方【帝国ホテル 東京・杉本雄 料理長】｜クラシル #シェフのレシピ帖,Kurashiru [クラシル],https://www.youtube.com/watch?v=F36hGQ7dOv8,3,レシピ
2026/05/18 15:52:10 JST,イタリアNo.１肉料理【鶏肉とポテト】圧倒的に皮がパリパリジューシー！,ファビオ飯 /イタリア料理人の世界,https://www.youtube.com/watch?v=wiRN5Wp42zA,1,レシピ
2026/05/11 21:52:38 JST,GLAY / STREET LIFE,GLAY,https://www.youtube.com/watch?v=uAcq5gqqzcU,4,音楽
2026/05/11 21:46:30 JST,あの夏から一番遠い場所,GLAY - Topic,https://www.youtube.com/watch?v=3hmIoA_Oevk,6,音楽
2026/05/11 21:41:06 JST,May Fair,GLAY - Topic,https://www.youtube.com/watch?v=T6fHVjbPQyo,5,音楽
2026/05/11 21:35:02 JST,LAYLA,GLAY - Topic,https://www.youtube.com/watch?v=Dc5EIfNi9zo,5,音楽
2026/05/11 21:26:39 JST,HELLO MY LIFE,GLAY - Topic,https://www.youtube.com/watch?v=UxJxsew_HtM,2,音楽
2026/05/07 23:55:28 JST,GLAY / BRIGHTEN UP,GLAY,https://www.youtube.com/watch?v=ttCsZrdhfeY,7,音楽
2026/05/07 23:20:56 JST,笑顔の多い日ばかりじゃない,GLAY - Topic,https://www.youtube.com/watch?v=aNXYFMI0EGQ,4,音楽
2026/05/07 23:15:36 JST,GLAY / Unleashed Visualizer,GLAY,https://www.youtube.com/watch?v=ZVvGpRzqAYU,6,音楽
2026/04/30 20:58:34 JST,衝撃の【トマトパスタ】｜イタリアの三ツ星シェフに教わったパスタを《完全再現》,ファビオ飯 /イタリア料理人の世界,https://www.youtube.com/watch?v=zLAXvGJ817o,4,レシピ
2026/04/25 23:30:46 JST,【ゆっくり料理】醤油が一杯、油が一杯。お酒は一杯じゃなくていっぱい欲しい【三杯鸡】,美鈴菜館,https://www.youtube.com/watch?v=zj5xyWxFyxk,1,レシピ
2026/04/25 22:34:10 JST,【ゆっくり料理】正直文句なかったので、正式採用ってことでレシピ確定です。今年はちょっと辛くします。【自家製豆板醬】,美鈴菜館,https://www.youtube.com/watch?v=9ZFQMOoRtOE,3,レシピ
2026/04/25 22:27:14 JST,【ゆっくり料理】麺を物凄くシンプルな味付けで食べようとした結果できた感じの料理なのかー？【红油拌面】,美鈴菜館,https://www.youtube.com/watch?v=Jm3s99XE-Mk,2,レシピ
2026/04/25 22:23:13 JST,自家製辣油を作る【料理】【ゆっくり料理】#shorts,美鈴菜館,https://www.youtube.com/watch?v=qCcHPHZxMnU,3,レシピ
2026/04/25 22:11:44 JST,【ゆっくり料理】担担面【タンタンメン】,美鈴菜館,https://www.youtube.com/watch?v=kpbwcUiKLrs,1,レシピ
2026/04/11 17:42:58 JST,【ゆっくり料理】久しぶりなので手癖で作れる辛いヤツを。【麻香辣子鸡】,美鈴菜館,https://www.youtube.com/watch?v=dHPWcOHLb_g,1,レシピ
2026/04/11 17:35:20 JST,【ゆっくり料理】自家製豆瓣酱【素材回】,美鈴菜館,https://www.youtube.com/watch?v=NAogY0MTwn8,1,レシピ
2026/04/08 18:51:26 JST,【ゆっくり料理】竹笋炒腊肉【タケノコ腊肉炒め】,美鈴菜館,https://www.youtube.com/watch?v=UZzvIssWr3U,7,レシピ
2026/04/07 23:43:29 JST,【自宅でインド食堂】感動のパラパラ感。本場のビリヤニレシピ【スパイス カフェ・伊藤一城】｜#クラシル #シェフのレシピ帖,Kurashiru [クラシル],https://www.youtube.com/watch?v=hL4dEf1PxSc,1,レシピ
2026/04/06 21:44:30 JST,ORANGE RANGE『シアワセネイロ』MV,ORANGE RANGE,https://www.youtube.com/watch?v=om5pEjRP3Yc,1,音楽
2026/04/06 18:11:53 JST,【絶対に覚えておきたい】老舗名門店三代目・野永喜三夫の簡単で本当においしい「具だくさんの豚汁」の作り方 【日本橋ゆかり三代目・野永喜三夫】｜クラシル #シェフのレシピ帖,Kurashiru [クラシル],https://www.youtube.com/watch?v=DmS_ITVD00E,10,レシピ
2026/04/02 19:30:01 JST,【ゆっくり料理】回鍋肉【本当の回鍋肉】,美鈴菜館,https://www.youtube.com/watch?v=5JQXPlFUtOU,4,レシピ
2026/03/28 18:45:58 JST,【約半世紀、あんこを作り続けてたどり着いた方法です】初めての人も失敗なし。思っているより簡単です＜奥薗あんこ＞,奥薗壽子の日めくりレシピ【家庭料理研究家公式チャンネル】,https://www.youtube.com/watch?v=KUMdrV6Um2o,2,レシピ
2026/02/22 23:14:06 JST,GLAY / 春を愛する人,GLAY,https://www.youtube.com/watch?v=SzUN6GNtqos,6,音楽
2026/02/22 22:50:35 JST,"GLAY / coyote,colored darkness (ROCK'N'ROLL SWINDLE at NIPPONBUDOKAN Re-birth)",GLAY,https://www.youtube.com/watch?v=VBUT0aB0oho,2,音楽
2026/02/18 22:00:24 JST,激うまアイスティーの作り方に出会ってしまった#アイスティー #紅茶 #簡単お菓子レシピ #フルーツティー #フランスマダム #まいおか研,まいにちおかし研究所,https://www.youtube.com/watch?v=O7O3kXOHpYI,1,レシピ
2026/02/13 23:54:49 JST,Tarte Tatin Recipe - Caramel Apple Tart りんごたっぷりの本格タルトタタンの作り方,Emojoie,https://www.youtube.com/watch?v=uKf5Vidz_j8,1,レシピ
2026/02/13 23:26:03 JST,【究極のタルト・タタン】の作り方をご紹介！りんごスイーツ,【パティシエゆうきのお菓子教室】pâtissier Yuki Uchida,https://www.youtube.com/watch?v=AmB5aADZ25E,1,レシピ
2026/02/13 23:25:23 JST,シェフが探究するりんごのデザートの一番美味い食べ方＜タルトタタン＞#shorts,George ジョージ吉田,https://www.youtube.com/watch?v=6iyhLMzyK24,1,レシピ
2026/02/09 23:01:41 JST,口の中で野菜が踊る！ポテトの田舎風・ペイザンヌ,Grand Chef MATSUO  松尾幸造,https://www.youtube.com/watch?v=d9EP9a9Fe2M,1,レシピ
2026/02/09 22:55:46 JST,How to make Fontina Cheese,Gavin Webber,https://www.youtube.com/watch?v=0xy5wOFHCgE,1,レシピ
2026/02/09 22:53:57 JST,日本でも楽しめるイタリアの本格マルゲリータ,イタリアンがすき,https://www.youtube.com/watch?v=8QPrRrU4ZRs,1,レシピ
2026/02/06 11:16:37 JST,EGOIST『Departures 〜あなたにおくるアイの歌〜』Music Video（テレビアニメ『ギルティクラウン』前期エンディングテーマ）,EGOIST Official YouTube Channel,https://www.youtube.com/watch?v=LKqgY0VKZX4,21,音楽
2026/02/06 11:05:52 JST,EGOIST『All Alone With You』Music Video（テレビアニメ『PSYCHO-PASS』後期エンディングテーマ）,EGOIST Official YouTube Channel,https://www.youtube.com/watch?v=94k03l8yKIA,27,音楽
2026/02/05 18:48:57 JST,【ゆっくり料理】蒜苔炒肉【ニンニクの芽と豚肉炒め】,美鈴菜館,https://www.youtube.com/watch?v=DwNt7fRMHuc,7,レシピ
2026/02/03 19:39:06 JST,【ゆっくり料理】ちょっとズレましたが2026新年激辛初めです。【剁椒炒肉】,美鈴菜館,https://www.youtube.com/watch?v=bwwvYeUD7_s,2,レシピ
2026/01/28 20:46:45 JST,【絶品オイルパスタ3選】2025年特に美味しかったオイルパスタ #パスタ #レシピ #shorts,かずき@簡単パスタレシピ,https://www.youtube.com/watch?v=5DwqCpwA61Y,1,レシピ
2026/01/28 20:46:43 JST,\生米から作る/レモンチキンパエリア🍋🥘,なぎ〻カンタン楽うまレシピ,https://www.youtube.com/watch?v=jJcH9stGRp0,1,レシピ
2026/01/26 20:34:54 JST,【ゆっくり料理】豆豉鸡【鶏肉と豆鼓の冷菜】,美鈴菜館,https://www.youtube.com/watch?v=yJVZAL4uEdo,1,レシピ
2025/12/28 17:39:42 JST,【究極キャベツメンチ】知らないと損する最高のキャベツメンチ #cooking #キャベツ #メンチカツ,ジョルノズキッチン -Giorno's Kitchen-,https://www.youtube.com/watch?v=iT5wUMN7ypA,1,レシピ
2025/12/28 17:28:09 JST,【ひと口キャベツメンチカツ】お弁当におすすめレシピ！食感が楽しい♪｜macaroni（マカロニ）,macaroni | マカロニ,https://www.youtube.com/watch?v=MUtoogPu5ZM,1,レシピ
2025/12/28 16:10:32 JST,#845『フォーガー』ひと手間かけたスープが最高！〜世界の料理シリーズ・ベトナム〜｜シェフ三國の簡単レシピ,シェフ三國清三,https://www.youtube.com/watch?v=Qnqzz6MTAwU,1,レシピ
2025/12/08 21:23:52 JST,【ゆっくり料理】ふっくらパラパラ、スパイシー！マトンで作るインドの米料理、マトンカッチビリヤニ,猫田のゆっくりインド料理,https://www.youtube.com/watch?v=pU4NBNvLOAQ,1,レシピ
2025/12/08 21:09:37 JST,【ゆっくり料理】本格＆濃厚！インドのバターチキンカレーを作るんだぜ,猫田のゆっくりインド料理,https://www.youtube.com/watch?v=2oaplDpXVjg,1,レシピ
2025/12/08 18:45:03 JST,GLAY / Dead Or Alive,GLAY,https://www.youtube.com/watch?v=wk5ePoCa0XM,2,音楽
2025/12/06 17:11:32 JST,【AMV】Harmony (中/日/英/罗马字幕)| Ghost of a Smile-EGOIST,Popcorn,https://www.youtube.com/watch?v=KrhTZIYFuw8,8,音楽
2025/12/01 23:34:55 JST,【ゆっくり料理】コラボなのでちょっとだけマジのヤツ。【秋の夜長の飯テロコラボ2】,美鈴菜館,https://www.youtube.com/watch?v=HvWbVzmBXzk,1,レシピ
2025/12/01 23:32:16 JST,【ゆっくり料理】エリンギとは何者なのか。【杏鲍菇炒肉】,美鈴菜館,https://www.youtube.com/watch?v=w7XcI3AkMCQ,1,レシピ
2025/11/30 15:53:55 JST,和食のプロはここが違う！3種類の定番副菜レシピ【日本橋ゆかり三代目・野永喜三夫】｜#クラシル #シェフのレシピ帖,Kurashiru [クラシル],https://www.youtube.com/watch?v=eyDzteGqnII,1,レシピ
2025/10/24 19:51:05 JST,【ゆっくり料理】ローソンと東方Projectのコラボらしいですよ。広東福建限定ですが。【地三鲜溜肉段盖饭】,美鈴菜館,https://www.youtube.com/watch?v=hDVcTsd5e7g,7,レシピ
2025/10/14 19:10:04 JST,覚えれば一生もんの炊飯器炊き込みご飯,料理研究家リュウジのバズレシピ,https://www.youtube.com/watch?v=hs58bYprXEk,1,レシピ
2025/09/12 12:36:45 JST,EGOIST『Fallen』Music Video（テレビアニメ『PSYCHO-PASS サイコパス 2』エンディングテーマ）,EGOIST Official YouTube Channel,https://www.youtube.com/watch?v=0j5sUB3t5iQ,9,音楽
2025/09/12 12:23:01 JST,EGOIST『Planetes』Music Video（OVA『ギルティクラウン』主題歌）,EGOIST Official YouTube Channel,https://www.youtube.com/watch?v=q2dbhaEEpiw,17,音楽
2025/09/12 12:20:11 JST,雨き声残響 by 燦鳥ノム【歌ってみた】,燦鳥ノム - SUNTORY NOMU -,https://www.youtube.com/watch?v=GqiUKkdwpzA,39,音楽
2025/09/12 10:44:09 JST,EGOIST『当事者』Music Video（『劇場版PSYCHO-PASS サイコパス PROVIDENCE』エンディング・テーマ）,EGOIST Official YouTube Channel,https://www.youtube.com/watch?v=ogBFaYKFELg,10,音楽
2025/09/12 10:38:39 JST,EGOIST『Ghost of a smile』Music Video（アニメ映画【Project Itoh】「ハーモニー」主題歌）,EGOIST Official YouTube Channel,https://www.youtube.com/watch?v=WWYIHBBrWNs,12,音楽
2025/09/07 23:43:27 JST,【朝ごはんに】マグカップ1つでできる！超簡単・時短レシピ 3選,Kurashiru [クラシル],https://www.youtube.com/watch?v=l1cLc3JWuy4,1,レシピ
2025/09/07 23:16:33 JST,【簡単ごちそう♪】人気おにぎりアレンジレシピ10選【お弁当にもおすすめ】,デリッシュキッチン,https://www.youtube.com/watch?v=AEazu9uPUe0,1,レシピ
2025/09/07 22:48:32 JST,【おにぎりレシピ】(510),Akari kitchen,https://www.youtube.com/watch?v=f_Dn5BcoC0E,1,レシピ
2025/09/07 22:43:18 JST,【スープジャー弁当攻略法】レシピ6選・保温・洗い方まで完全解説！これ1本でマスター,Akari kitchen,https://www.youtube.com/watch?v=A-k8JdROPnU,1,レシピ
2025/08/16 16:17:42 JST,テトリス by 燦鳥ノム【歌ってみた】,燦鳥ノム - SUNTORY NOMU -,https://www.youtube.com/watch?v=_al8q9CCVX8,5,音楽
2025/08/15 17:29:14 JST,DAYBREAK FRONTLINE by燦鳥ノム 【歌ってみた】,燦鳥ノム - SUNTORY NOMU -,https://www.youtube.com/watch?v=oZZ3xCkNiKM,21,音楽
2025/07/24 17:49:31 JST,アスノヨゾラ哨戒班 by 燦鳥ノム【歌ってみた】,燦鳥ノム - SUNTORY NOMU -,https://www.youtube.com/watch?v=dgyvWOyoVyE,28,音楽
2025/07/24 17:37:53 JST,GLAY feat.小田和正 / 悲願,GLAY,https://www.youtube.com/watch?v=0w_y5GHJ1WU,3,音楽
2025/07/07 18:22:28 JST,【湖南料理】小炒肉【ゆっくり料理】,美鈴菜館,https://www.youtube.com/watch?v=RHs8obU1Tco,8,レシピ
2025/07/04 20:00:21 JST,燦鳥ノムがテトリス歌ってみた♪└( Ծ▿Ծ )」 ♪ Full版は7/4公開！ #テトリス #重音テト #歌ってみた #Shorts,燦鳥ノム - SUNTORY NOMU -,https://www.youtube.com/watch?v=Ryx1YnrquyI,1,音楽
2025/06/19 20:31:32 JST,【新時代の揚げ出し豆腐】和の匠が教える揚げ出し豆腐レシピ。水切り不要・少ない油で簡単に外カリ中とろに。めんつゆで誰でも作れる絶品タレ【日本橋ゆかり三代目・野永喜三夫】｜#クラシル #シェフのレシピ帖,Kurashiru [クラシル],https://www.youtube.com/watch?v=EY1KARIfmq8,2,レシピ
2025/06/15 21:32:12 JST,言って。 by 燦鳥ノム【歌ってみた】,燦鳥ノム - SUNTORY NOMU -,https://www.youtube.com/watch?v=t7u5raao5Kk,18,音楽
2025/06/15 20:41:53 JST,Ghost of a smile,EGOIST - Topic,https://www.youtube.com/watch?v=Z79btYcDfOA,5,音楽
2025/06/14 14:21:13 JST,【ゆっくり料理】抄手【四川ワンタン】,美鈴菜館,https://www.youtube.com/watch?v=ASKhT05rwdM,2,レシピ
2025/06/14 14:18:46 JST,手羽先揚げるだけ #料理 #ゆっくりお料理 #ゆっくり料理,美鈴菜館,https://www.youtube.com/watch?v=FztQN5FYLD8,1,レシピ
2025/06/14 13:54:05 JST,【ゆっくり料理】冬至といったら餃子なんですよ。【水饺子】,美鈴菜館,https://www.youtube.com/watch?v=rPhlAFOnp74,1,レシピ
2025/06/14 13:17:52 JST,【ゆっくり料理】辣子鸡は麺に乗せてもイケるのです。【辣子鸡盖面】,美鈴菜館,https://www.youtube.com/watch?v=eGjsDrlWLBk,1,レシピ
2025/06/06 18:51:17 JST,地三鮮【ゆっくり料理】【ディーサンシェン】,美鈴菜館,https://www.youtube.com/watch?v=366D2IOCC3A,4,レシピ
2025/06/05 13:03:00 JST,八百屋パートさんに教わった、感動のモロッコいんげんレシピ【キンピラ炒め】インゲン炒めただけで激うまい‼何度も作った思い出の味‼もろっこ印元はコレで‼普通のインゲン豆でも作れます♪,yaidotto わいドットの料理研究チャンネル,https://www.youtube.com/watch?v=rk4WjcPJaiM,1,レシピ
2025/06/04 20:36:58 JST,GLAY / HOWEVER,GLAY,https://www.youtube.com/watch?v=gPcPseeICjs,3,音楽
2025/06/02 13:43:14 JST,千ノナイフガ胸ヲ刺ス,GLAY - Topic,https://www.youtube.com/watch?v=XhxHUPVQgJE,3,音楽
2025/06/02 13:37:05 JST,GLAY / つづれ織り～so far and yet so close～ (from TAKURO Produce Live 2009),GLAY,https://www.youtube.com/watch?v=GtPv7v0SPR0,2,音楽
2025/06/02 13:25:54 JST,GLAY / a Boy～ずっと忘れない～,GLAY,https://www.youtube.com/watch?v=5UuXwye_HJI,3,音楽
2025/06/02 13:20:22 JST,遥か…,GLAY - Topic,https://www.youtube.com/watch?v=6F8x8g-a3yY,3,音楽
2025/06/02 13:15:39 JST,GLAY / いつか,GLAY,https://www.youtube.com/watch?v=9GcBij9ylOo,3,音楽
2025/06/02 12:52:27 JST,GLAY / Missing You,GLAY,https://www.youtube.com/watch?v=F5T7y9PtVRo,4,音楽
2025/06/02 12:41:00 JST,GLAY / BE WITH YOU,GLAY,https://www.youtube.com/watch?v=lRAc3Q_foH0,4,音楽
2025/06/02 12:25:01 JST,GLAY / さよならはやさしく,GLAY,https://www.youtube.com/watch?v=OmhA4_6dRKw,2,音楽
2025/06/02 12:19:23 JST,都忘れ,GLAY - Topic,https://www.youtube.com/watch?v=k8-xXwOL_og,4,音楽
2025/06/02 12:13:42 JST,GLAY / BELOVED,GLAY,https://www.youtube.com/watch?v=2RY39bE8X78,3,音楽
2025/06/02 11:57:58 JST,ANSWER (再録),GLAY - Topic,https://www.youtube.com/watch?v=NyD-8Y46SKA,1,音楽
2025/06/02 11:52:56 JST,Savile Row ～サヴィル ロウ 3番地～,GLAY - Topic,https://www.youtube.com/watch?v=QDUjTeAsQmw,5,音楽
2025/05/24 23:50:15 JST,Reviewing Japanese Kitchen Gadgets | Sorted Food,Sorted Food,https://www.youtube.com/watch?v=hXL27kf9lAQ,1,レシピ
2025/05/24 23:14:00 JST,Chef Reviews MORE JAPANESE Kitchen Gadgets,Sorted Food,https://www.youtube.com/watch?v=CGK9hp1srx4,1,レシピ
2025/05/24 22:47:15 JST,2 Chefs Review JAPANESE Kitchen Gadgets Vol.3 | Sorted Food,Sorted Food,https://www.youtube.com/watch?v=zRilviqBvO0,1,レシピ
2025/05/24 18:56:14 JST,【ゆっくり料理】风味排骨【香味スペアリブ(激辛)】,美鈴菜館,https://www.youtube.com/watch?v=MTP0AetdVis,3,レシピ
2025/05/19 19:48:23 JST,ヒッチコック 歌ってみた　#晴れ雨コンビ #アメノセイ #燦鳥ノム,アメノセイ-AMENOSEI,https://www.youtube.com/watch?v=HAp827zEQNE,7,音楽
2025/05/19 18:57:25 JST,ノーチラス by 燦鳥ノム【歌ってみた】,燦鳥ノム - SUNTORY NOMU -,https://www.youtube.com/watch?v=r-cByHVDFok,32,音楽
2025/05/11 18:35:13 JST,『可愛くてごめん』 by 燦鳥ノム【歌ってみた】,燦鳥ノム - SUNTORY NOMU -,https://www.youtube.com/watch?v=Ly5BHpWxvjQ,10,音楽
2025/05/11 18:31:52 JST,ダイアモンドクレバス by 燦鳥ノム【歌ってみた】（ぶいおん!!ライブver）,燦鳥ノム - SUNTORY NOMU -,https://www.youtube.com/watch?v=p6zDsOuk2kU,11,音楽
2025/05/11 18:12:47 JST,だだだ大統領になったらね 「シル・ヴ・プレジデント」by燦鳥ノム 【歌ってみた】,燦鳥ノム - SUNTORY NOMU -,https://www.youtube.com/watch?v=Psinjf0j9nY,4,音楽
2025/05/10 21:56:11 JST,お店のレシピ公開！プロのホイコーロー｜中華銘菜圳陽｜【回鍋肉】【失敗しない】,料理王国,https://www.youtube.com/watch?v=U8EpyZD-ZbI,1,レシピ
2025/05/10 19:57:16 JST,お肉の旨味凝縮！湖南風蒸しスープ｜新華 ｜【シーガルフォー】【水】【中華】【中国料理】【4K】,料理王国,https://www.youtube.com/watch?v=1pzRtiyPmGI,1,レシピ
2025/05/10 19:40:18 JST,脱冷たいお弁当！冬はスープジャーとおにぎりで快適ランチ,Akari kitchen,https://www.youtube.com/watch?v=NOqpoQxzZOU,2,レシピ
2025/05/04 20:16:35 JST,【ゆっくり料理】連休ですし、思いっきりニンニク効かせた焼きそばでもいかがです？【蒜香虾仁炒面】,美鈴菜館,https://www.youtube.com/watch?v=W7xLuoiopFU,1,レシピ
2025/04/29 14:28:52 JST,魯肉飯【ゆっくり料理】【ルーローハン】,美鈴菜館,https://www.youtube.com/watch?v=hx2EW22vDjg,1,レシピ
2025/04/26 20:35:44 JST,青椒肉絲【ゆっくり料理】【チンジャオロースー】,美鈴菜館,https://www.youtube.com/watch?v=oCwnT2Inl_U,1,レシピ
2025/04/26 20:17:52 JST,【ゆっくり料理】腊肉【中華ベーコン】,美鈴菜館,https://www.youtube.com/watch?v=5sdosXtdtAQ,2,レシピ
2025/04/26 19:58:25 JST,【特定外来生物】沸騰魚【ゆっくり釣り飯コラボ】,美鈴菜館,https://www.youtube.com/watch?v=hKTts-zablk,1,レシピ
2025/04/26 19:52:50 JST,【ゆっくり野食祭】豆瓣魚【ゆっくり料理】,美鈴菜館,https://www.youtube.com/watch?v=KgeJCDc5bEQ,1,レシピ
2025/04/25 20:41:26 JST,【ゆっくり料理】魚香肉絲【細切り肉の四川風辛味炒め】,美鈴菜館,https://www.youtube.com/watch?v=Mqwg5D0DJEw,2,レシピ
2025/04/20 20:25:51 JST,chelly (EGOIST) - kokuhaku LIVE (guilty crown ED 2),Hana*fam,https://www.youtube.com/watch?v=cKa0gIPuy6Y,1,音楽
2025/04/20 20:07:30 JST,[Romaji Lyrics] EGOIST - Reloaded『Genocidal Organ』Theme Song ᴴᴰ,~Inconspicuous Otako~,https://www.youtube.com/watch?v=xV-yr6Rltxg,1,音楽
2025/04/19 22:13:47 JST,【ゆっくり料理】剁椒蒸芋头【湖南風里芋の激辛蒸し】,美鈴菜館,https://www.youtube.com/watch?v=6zoXqbDTS44,2,レシピ
2025/04/19 22:09:07 JST,水煮肉片【ゆっくり料理】【ガチ四川】,美鈴菜館,https://www.youtube.com/watch?v=mlO_HqGbPdY,3,レシピ
2025/04/19 19:15:13 JST,GLAY「BELOVED」 by 燦鳥ノム【歌ってみた】,燦鳥ノム - SUNTORY NOMU -,https://www.youtube.com/watch?v=Klv_ugwiOC4,22,音楽
2025/04/19 18:55:10 JST,EGOIST『The Everlasting Guilty Crown -TV Edit ver.-』Music Video（テレビアニメ『ギルティクラウン』後期オープニングテーマ）,EGOIST Official YouTube Channel,https://www.youtube.com/watch?v=XTdRNjuGE_k,3,音楽
2025/04/19 18:31:40 JST,YOASOBI「夜に駆ける」 by 燦鳥ノム【歌ってみた】,燦鳥ノム - SUNTORY NOMU -,https://www.youtube.com/watch?v=bTiALC0ot9E,25,音楽
2025/04/12 17:57:02 JST,【王様のためのクリームシチュー】帝国ホテル料理長直伝 シンプルな作り方で究極の贅沢を！ 野菜と鶏のうまみが染み出す極上ホワイトシチュー【帝国ホテル 東京・杉本雄料理長】｜#クラシル #シェフのレシピ帖,Kurashiru [クラシル],https://www.youtube.com/watch?v=kMBFQk3YmbM,1,レシピ
2025/04/12 16:54:57 JST,【皮パリッ中ジュワッ】究極に魚を美味しく焼く方法。スーパーの魚がレストラン級に化ける名シェフの焼き技でサーモンソテー&クリームドスピナッチ【No Code・米澤シェフ】｜#クラシル #シェフのレシピ帖,Kurashiru [クラシル],https://www.youtube.com/watch?v=1J0_o6K_sAs,1,レシピ
2025/04/07 21:06:48 JST,友人に「これお家のフライパンで作れんの！？」と言われた【至高のパエリア】がヤバい,料理研究家リュウジのバズレシピ,https://www.youtube.com/watch?v=BTcBLhu9WEE,1,レシピ
2025/03/30 18:47:56 JST,命に嫌われている。 by 燦鳥ノム【歌ってみた】,燦鳥ノム - SUNTORY NOMU -,https://www.youtube.com/watch?v=AA4uhf8VfPM,5,音楽
2025/03/30 18:34:53 JST,虎視眈々 by 燦鳥ノム【歌ってみた】,燦鳥ノム - SUNTORY NOMU -,https://www.youtube.com/watch?v=1KRaitjdFMw,9,音楽
2025/03/30 18:09:30 JST,春を告げる by燦鳥ノム 【歌ってみた】,燦鳥ノム - SUNTORY NOMU -,https://www.youtube.com/watch?v=8cJ2AOZuG8k,17,音楽
2025/03/24 19:58:44 JST,【水煮牛肉】すき焼きしか知らない奴ちょっと来なさい。,とにかく売れたい中華料理屋,https://www.youtube.com/watch?v=fK14enh2b3g,1,レシピ
2025/03/15 17:02:47 JST,【永久保存版】煮ないで！常識を覆す 現代版ぶり大根の作り方【野﨑洋光】｜クラシル #シェフのレシピ帖,Kurashiru [クラシル],https://www.youtube.com/watch?v=TgDxqCOHzuU,1,レシピ
2025/03/15 16:49:54 JST,【永久保存版】和の匠のフライパンで作れる“しっとりやわらか“ブリの煮付けの作り方【日本橋ゆかり・野永喜三夫】｜クラシル #シェフのレシピ帖,Kurashiru [クラシル],https://www.youtube.com/watch?v=7je3MOrmCAY,1,レシピ
2025/03/02 16:41:09 JST,鲜肉包子 记住这几点 从此你的包子不再塌 Pork Steamed Bun(Baozi),1小点的 Sweet Taste Kitchen,https://www.youtube.com/watch?v=0RaGaZbgXog,3,レシピ
2025/02/25 23:41:28 JST,創業107年！元祖豚まん｜老祥記｜【神戸】【行列店】【豚饅頭】【肉まん】【老舗】【南京町】【中華】,料理王国,https://www.youtube.com/watch?v=PLY5wAxwZlY,2,レシピ
2025/02/25 23:36:45 JST,中華料理　本格肉まんの作り方　具は豚肉とネギだけなのに　肉汁たっぷり,ウの中華食卓,https://www.youtube.com/watch?v=m05P87SqHhI,1,レシピ
2025/02/25 23:26:13 JST,包子皮，如何包包子教學 1/2 How to Make Skin and Wrap Baozi Steam Buns,茅寶村,https://www.youtube.com/watch?v=AIks1cYQdHI,2,レシピ
2025/02/24 18:50:21 JST,とても素敵な六月でした by 富士葵&燦鳥ノム【歌ってみた】（ぶいおん!!ライブver）,燦鳥ノム - SUNTORY NOMU -,https://www.youtube.com/watch?v=iMcxBCb1wcY,4,音楽
2025/02/24 18:10:48 JST,Ado『ギラギラ』 by 燦鳥ノム・樋口楓【歌ってみた】,燦鳥ノム - SUNTORY NOMU -,https://www.youtube.com/watch?v=9GpqAsjEhKw,3,音楽
2025/02/24 13:09:19 JST,GLAY feat. KYOSUKE HIMURO / ANSWER,GLAY,https://www.youtube.com/watch?v=bjhSyw0wBJQ,3,音楽
2025/02/17 23:30:22 JST,【新定番】和の匠が教える 油いらずで柔らかジューシーな生姜焼きの作り方【#野永喜三夫のヤバウマ飯 vol.5】｜クラシル #シェフのレシピ帖,Kurashiru [クラシル],https://www.youtube.com/watch?v=elwH9LjgRHk,7,レシピ
2025/02/17 23:15:51 JST,【フライパン一つで】和の匠が教える‼︎旨味が凝縮“豚の角煮“の作り方【日本橋ゆかり三代目・野永喜三夫】｜クラシル #シェフのレシピ帖,Kurashiru [クラシル],https://www.youtube.com/watch?v=-F5mpkb5wrc,5,レシピ
2025/02/17 23:15:25 JST,【㊗️800万回再生‼️】お店が出来ちゃう？とろっとろのカレーうどん ｜クラシル #Shorts,Kurashiru [クラシル],https://www.youtube.com/watch?v=erkhdgoEUNg,1,レシピ
2025/02/17 15:08:46 JST,EGOIST『リローデッド』Music Video（アニメ映画【Project Itoh】「虐殺器官」主題歌）,EGOIST Official YouTube Channel,https://www.youtube.com/watch?v=ZC7Cj4ZFBUI,4,音楽
2025/02/17 15:01:57 JST,EGOIST『名前のない怪物』Music Video（テレビアニメ「PSYCHO-PASS」前期エンディングテーマ）,EGOIST Official YouTube Channel,https://www.youtube.com/watch?v=qiX5DI--8bg,6,音楽
2025/02/17 12:04:24 JST,グッバイ宣言 by燦鳥ノム 【歌ってみた】,燦鳥ノム - SUNTORY NOMU -,https://www.youtube.com/watch?v=6JhSbcm1Vh0,12,音楽
2025/02/16 19:40:33 JST,蒼のエーテル by 燦鳥ノム【歌ってみた】（ぶいおん!!ライブver）,燦鳥ノム - SUNTORY NOMU -,https://www.youtube.com/watch?v=Ivnow1AodCc,3,音楽
2025/02/16 19:30:41 JST,ウミユリ海底譚 by 燦鳥ノム【歌ってみた】,燦鳥ノム - SUNTORY NOMU -,https://www.youtube.com/watch?v=cFqtIGicNNw,10,音楽
2025/02/16 19:18:52 JST,【ロキ/替え歌】涙もろい人あるある歌ってみた by燦鳥ノム,燦鳥ノム - SUNTORY NOMU -,https://www.youtube.com/watch?v=r5G5Q1Um7EE,3,音楽
2025/02/16 12:48:05 JST,【いろんな仮装で】HappyHalloween歌ってみたcovered by 燦鳥ノム【#ノムart】,燦鳥ノム - SUNTORY NOMU -,https://www.youtube.com/watch?v=aWwO-zqZoS8,2,音楽
2025/02/16 12:41:43 JST,リコレクションエンドロウル by 燦鳥ノム【歌ってみた】,燦鳥ノム - SUNTORY NOMU -,https://www.youtube.com/watch?v=rolo_BHlDmQ,7,音楽
2025/02/16 12:27:52 JST,TK from 凛として時雨 「unravel」 by 燦鳥ノム【歌ってみた】,燦鳥ノム - SUNTORY NOMU -,https://www.youtube.com/watch?v=UAqIf2Gjqmk,7,音楽
2025/02/16 12:01:45 JST,ミルクと果実のうた/Music Video【電脳少女シロ/白上フブキ/アキローゼンタール/神楽すず/燦鳥ノム】【ミルクと果実シスターズ】,燦鳥ノム - SUNTORY NOMU -,https://www.youtube.com/watch?v=ZYakJuCAAeE,4,音楽
2025/02/16 11:53:55 JST,【踊ってみた】ハレ晴レユカイ by 燦鳥ノム 【Short ver.】,燦鳥ノム - SUNTORY NOMU -,https://www.youtube.com/watch?v=MHvlvzkC8pc,3,音楽
2025/02/02 15:55:40 JST,【ラーロウ】長期保存可能。おうちで簡単。干し豚肉/腊肉の下処理と天日干しの方法。旨味が凝縮されます。食料備蓄にも。#スマート中華 #干し肉 #豚バラ,おうちで中華 / dejima cooking 本格中華の基本・コツ,https://www.youtube.com/watch?v=T8xyYEDnZ5A,1,レシピ
2025/01/28 22:39:46 JST,【GLAY】他アーティストカバー集,HIGHCOMMUNICATIONS,https://www.youtube.com/watch?v=VOV_rQhNf_Q,2,音楽
2025/01/14 19:46:04 JST,【この麻婆豆腐は別次元】四川料理のスゴイ人直伝、スーパーの食材で手に入る本場四川の旨み、某サイト1位の人気麻婆豆腐の作り方【リバヨンアタック・人長良次】｜#クラシル #シェフのレシピ帖,Kurashiru [クラシル],https://www.youtube.com/watch?v=vQ8xNWRih-U,1,レシピ
2025/01/12 19:56:12 JST,【お肉に愛を注ぎます】名店フレンチシェフの究極のステーキの焼き方｜クラシル #シェフのレシピ帖【LA BONNE TABLE 中村和成】,Kurashiru [クラシル],https://www.youtube.com/watch?v=dah5jfJGwK8,1,レシピ
2025/01/12 16:48:12 JST,絶対に味わうべき市販の鍋つゆが決まりました,料理研究家リュウジのバズレシピ,https://www.youtube.com/watch?v=BdTPqCzj3b0,1,レシピ
2025/01/05 22:57:49 JST,【餅】おばあちゃんの作った、出来立てほやほやのお餅/つきたて餅の状態のままで保存する方法/百均容器を使えば、アラっ!!  簡単！！(ﾟдﾟ)！💓,こちらハチハチCooking,https://www.youtube.com/watch?v=W2PEgLqRQLI,1,レシピ
2024/12/25 16:38:42 JST,Ado『ギラギラ』 by 燦鳥ノム・樋口楓【歌ってみた】フル尺はチャンネルにて25日(水)19:00公開！#ギラギラ #燦鳥ノム #樋口楓 #歌ってみた,燦鳥ノム - SUNTORY NOMU -,https://www.youtube.com/watch?v=Q8NwddCNOhY,1,音楽
2024/11/10 12:24:01 JST,バニラソルト by 燦鳥ノム【歌ってみた】,燦鳥ノム - SUNTORY NOMU -,https://www.youtube.com/watch?v=bEYaOyvjVjY,5,音楽
2024/11/10 12:20:58 JST,KING by燦鳥ノム 【歌ってみた】,燦鳥ノム - SUNTORY NOMU -,https://www.youtube.com/watch?v=2Utc9l6Mbkc,12,音楽
2024/11/10 12:17:07 JST,ECHO by 燦鳥ノム【歌ってみた】,燦鳥ノム - SUNTORY NOMU -,https://www.youtube.com/watch?v=GiJl73vpWCg,13,音楽
2024/11/03 20:52:55 JST,クノールに呼び出し食らいました,料理研究家リュウジのバズレシピ,https://www.youtube.com/watch?v=tAdl7LIngyE,1,レシピ
2024/10/20 20:24:33 JST,【保存版】簡単に料理のレベル上がるのに捨てない？これを知ってればね。,とにかく売れたい中華料理屋,https://www.youtube.com/watch?v=Q-mYcILpv0Y,1,レシピ
2024/10/13 19:06:20 JST,菅田将暉「虹」 by 燦鳥ノム 【歌ってみた】,燦鳥ノム - SUNTORY NOMU -,https://www.youtube.com/watch?v=hjevY47Oe_Y,8,音楽
2024/10/13 18:47:00 JST,白南風 (P.S. ver.),Orangestar - Topic,https://www.youtube.com/watch?v=CDv8kdg_H9E,2,音楽
2024/10/06 19:40:55 JST,はじめてのフォー/作りやすい/簡単レシピ/シンプル,エダジュンのアジアごはん。,https://www.youtube.com/watch?v=evskSjaeBNs,1,レシピ
2024/09/28 13:21:03 JST,【せいろ蒸し】#10 / 簡単ヘルシー料理 / せいろを使った昼ごはん / 豚肉と野菜蒸し / 椎茸しゅうまい / 減塩カレー / 減塩レシピ / せいろレシピ,さくももキッチン,https://www.youtube.com/watch?v=_TQgRXWBaZI,1,レシピ
2024/09/16 18:32:01 JST,レミオロメン「粉雪」 by燦鳥ノム 【歌ってみた】,燦鳥ノム - SUNTORY NOMU -,https://www.youtube.com/watch?v=xXG00P7BQDE,6,音楽
2024/08/29 22:05:54 JST,市販で一番美味しい「焼肉のタレ」が決まる。忖度一切無し【焼肉のたれ一番旨い王決定戦】,料理研究家リュウジのバズレシピ,https://www.youtube.com/watch?v=kAgPrTvCzRE,1,レシピ
2024/08/20 23:55:00 JST,鯛の下処理とアクアパッツァの作り方（強火で乳化させるのが大事）,自宅居酒屋　勇士（yuji）,https://www.youtube.com/watch?v=SOSTEn88woc,1,レシピ
2024/08/18 20:43:12 JST,『魔性の女A』 by 燦鳥ノム【歌ってみた】フル尺はチャンネルへ！#魔性の女a  #燦鳥ノム  #歌ってみた,燦鳥ノム - SUNTORY NOMU -,https://www.youtube.com/watch?v=CqIH9Hp8_ec,1,音楽
2024/08/09 22:26:39 JST,【神回】GLAY TERUさんと豚の生姜焼き定食対決！審査員にHISASHIさんが加わるも･･衝撃の展開に！,堤下食堂,https://www.youtube.com/watch?v=dPWnzlJtrKc,1,レシピ
2024/08/08 20:03:16 JST,Together,GLAY - Topic,https://www.youtube.com/watch?v=fKV_IznI5J8,1,音楽
2024/08/08 15:47:37 JST,pure soul,GLAY - Topic,https://www.youtube.com/watch?v=tP8A1vpmcFc,1,音楽
2024/08/08 15:43:09 JST,SOUL LOVE,GLAY - Topic,https://www.youtube.com/watch?v=-Y2nBLPeTr8,2,音楽
2024/08/08 15:39:08 JST,"Lovers change fighters, cool",GLAY - Topic,https://www.youtube.com/watch?v=qJzjj3GIm20,1,音楽
2024/08/08 15:29:39 JST,ビリビリクラッシュメン,GLAY - Topic,https://www.youtube.com/watch?v=ZtwYUJvBLbY,1,音楽
2024/08/08 15:09:07 JST,SCREAM,GLAY - Topic,https://www.youtube.com/watch?v=TkfgRJJaqYI,2,音楽
2024/08/08 15:04:03 JST,KISSIN’NOISE,GLAY - Topic,https://www.youtube.com/watch?v=WE3tUCNxAYo,2,音楽
2024/08/08 14:58:38 JST,GLAY / MERMAID,GLAY,https://www.youtube.com/watch?v=EzxZd4qd3io,2,音楽
2024/08/08 14:43:17 JST,出逢ってしまった2人,GLAY - Topic,https://www.youtube.com/watch?v=sD6Fua7hKRE,2,音楽
2024/08/08 14:39:10 JST,Fairy Story,GLAY - Topic,https://www.youtube.com/watch?v=B256gbaHyFg,2,音楽
2024/08/08 14:03:19 JST,THE BIRTHDAY GIRL,GLAY - Topic,https://www.youtube.com/watch?v=7cVKJxTX48o,1,音楽
2024/08/08 13:57:51 JST,GLAY / とまどい,GLAY,https://www.youtube.com/watch?v=fPv4ZxfFAuI,4,音楽
2024/08/08 13:51:55 JST,GLAY / SPECIAL THANKS,GLAY,https://www.youtube.com/watch?v=RYPnbqvyego,4,音楽
2024/08/07 20:23:49 JST,GLAY / Way of Difference,GLAY,https://www.youtube.com/watch?v=LM7xWeIRrc4,2,音楽
2024/08/03 19:48:43 JST,GLAY / LET ME BE (THE GREAT VACATION at makuhari messe Live ver.),GLAY,https://www.youtube.com/watch?v=BkbzIC2lalg,1,音楽
2024/08/03 19:42:49 JST,STREET LIFE,GLAY - Topic,https://www.youtube.com/watch?v=y3Q0RpdjhrQ,1,音楽
2024/08/03 19:40:42 JST,THE FRUSTRATED,GLAY - Topic,https://www.youtube.com/watch?v=xXfb1GK9d1M,1,音楽
2024/08/03 19:32:09 JST,風にひとり,GLAY - Topic,https://www.youtube.com/watch?v=HV24kU5zlcY,1,音楽
2024/08/03 19:27:04 JST,シキナ,GLAY - Topic,https://www.youtube.com/watch?v=8zktDDxMbK0,1,音楽
2024/08/03 15:12:13 JST,Believe in fate,GLAY - Topic,https://www.youtube.com/watch?v=znLxtUxVe8I,2,音楽
2024/08/03 12:46:40 JST,嫉妬 (KURID/PHANTOM mix),GLAY - Topic,https://www.youtube.com/watch?v=T6GKMHGc_GY,1,音楽
2024/08/03 11:53:07 JST,生きがい,GLAY - Topic,https://www.youtube.com/watch?v=R2hy2B0BSkw,1,音楽
2024/08/01 18:33:05 JST,【360°動画】 命ばっかり by 燦鳥ノム【歌ってみた】,燦鳥ノム - SUNTORY NOMU -,https://www.youtube.com/watch?v=KC69x9JHqaE,1,音楽
2024/08/01 18:25:12 JST,太陽系デスコ by 燦鳥ノム【歌ってみた】,燦鳥ノム - SUNTORY NOMU -,https://www.youtube.com/watch?v=xCZNzf6I2rc,5,音楽
2024/07/20 22:24:38 JST,僕が15年間待ちわびた、究極の調理家電を全力で紹介させてください(料理実演あり),料理研究家リュウジのバズレシピ,https://www.youtube.com/watch?v=qQF_rrxgrqY,1,レシピ
2024/07/20 21:00:47 JST,冷凍チャーハン全部集めて忖度無しで「最強」を決めたら超大波乱の結果になった【忖度無し冷凍炒飯選手権】,料理研究家リュウジのバズレシピ,https://www.youtube.com/watch?v=WdZO4NgBF5s,1,レシピ
2024/07/17 19:25:45 JST,僕が焼肉屋さんで食べて感動する程美味しかったもやしナムル。やっと再現出来ました。,料理研究家リュウジのバズレシピ,https://www.youtube.com/watch?v=BrN82mJZvRk,1,レシピ
2024/07/17 19:10:42 JST,俺が本気で焼肉屋やろうと思ったほどウマい秘伝のタレと最高の肉の焼き方,料理研究家リュウジのバズレシピ,https://www.youtube.com/watch?v=c4nsVZBQTjQ,1,レシピ
2024/07/15 18:55:18 JST,ベノム by 燦鳥ノム【歌ってみた】,燦鳥ノム - SUNTORY NOMU -,https://www.youtube.com/watch?v=MFZ0gPmRpAI,3,音楽
2024/06/15 20:31:54 JST,【歌ってみた】ロストワンの号哭 by 燦鳥ノム,燦鳥ノム - SUNTORY NOMU -,https://www.youtube.com/watch?v=XA2yIPs3_FQ,10,音楽
2024/06/15 20:20:52 JST,ナンセンス文学 by 燦鳥ノム【歌ってみた】,燦鳥ノム - SUNTORY NOMU -,https://www.youtube.com/watch?v=kPM1HzOdExs,4,音楽
2024/06/15 19:24:17 JST,ドラマツルギー by 燦鳥ノム【歌ってみた】,燦鳥ノム - SUNTORY NOMU -,https://www.youtube.com/watch?v=ZtTQ_pI-cCw,13,音楽
2024/04/22 19:04:14 JST,【一度は試して欲しい】シェフが本気で教える “ちょっと贅沢な“すき焼き丼の作り方｜牛丼【LA BONNE TABLE・中村和成】｜クラシル #シェフのレシピ帖,Kurashiru [クラシル],https://www.youtube.com/watch?v=wq4tQf99fQU,2,レシピ
2024/04/21 21:38:13 JST,スーパーの塩鮭をただ焼くだけの人全員観てください。これが料理研究家の食べ方です。【ねぎまみれ塩鮭】,料理研究家リュウジのバズレシピ,https://www.youtube.com/watch?v=hES2-FI0iK8,1,レシピ
2024/04/21 21:13:39 JST,【香ばしさがクセになる！】7年連続ミシュランの日本料理店が教える絶品炊き込みご飯【季旬 鈴なり・村田明彦】 ｜クラシル #シェフのレシピ帖,Kurashiru [クラシル],https://www.youtube.com/watch?v=eemLoWW6A60,1,レシピ
2024/04/21 21:09:09 JST,【チャレンジ企画】ココットダッチオーブンで燻製はできるのか？！,らくらCooking,https://www.youtube.com/watch?v=burkG5r3SWw,1,レシピ
2024/04/21 20:17:03 JST,【シェフが得意と断言する】名店フレンチシェフのハンパない技術で作るローストビーフ【LA BONNE TABLE・中村和成】｜クラシル #シェフのレシピ帖,Kurashiru [クラシル],https://www.youtube.com/watch?v=OyDYXKZQJAI,1,レシピ
2024/04/21 20:11:24 JST,【200万再生人気レシピ】知らないと損するほど美味い煮込みハンバーグの作り方,肉屋が教える肉料理,https://www.youtube.com/watch?v=wSQT3y0rvqY,1,レシピ
2024/04/21 17:53:42 JST,【みそ玉】忙しいあなたへ！作らなきゃ損する作りおきレシピ,なべのだいどころ。,https://www.youtube.com/watch?v=M9ZdMlyXIWk,1,レシピ
2024/03/23 13:47:29 JST,レンジで作る「きな粉のスノーボールクッキー」オーブン・バター不要！少ない材料で超簡単‼アレンジで抹茶のスノーボールクッキーも紹介・きな粉消費,DAIFUKU KITCHEN,https://www.youtube.com/watch?v=X-qlSSRBj-Q,1,レシピ
2024/03/23 13:45:56 JST,vol.247【バレンタインに】一度作ったらもう他では買えない…意外とイージーに作れるアーモンドキャラメルが生む絶妙なハーモニー♪幸せを呼ぶお菓子フロランタンレシピ Florentine recipe,ヒスイ夫婦のすいすいレシピ,https://www.youtube.com/watch?v=iYPMhrUtQ3A,1,レシピ
2024/02/25 21:58:48 JST,【簡単なのになぜこんなに旨いの！】旨み炸裂！ポイント解説たっぷり至福のエリンギトマトクリームパスタの作り方【ピアットスズキ・鈴木弥平】｜クラシル #シェフのレシピ帖,Kurashiru [クラシル],https://www.youtube.com/watch?v=41jFTDwJ0ds,1,レシピ
2024/01/12 21:31:31 JST,【永久保存版】老舗名門店三代目・野永喜三夫が教える究極の肉じゃが 【日本橋ゆかり三代目・野永喜三夫】｜クラシル #シェフのレシピ帖,Kurashiru [クラシル],https://www.youtube.com/watch?v=IogvNoVKq-E,1,レシピ
2024/01/12 20:40:13 JST,【黒いオムレツ】老舗日本料理店3代目が教える、舌がとろけるオムレツの作り方｜クリスマス【日本橋ゆかり・野永喜三夫】｜クラシル #シェフのレシピ帖,Kurashiru [クラシル],https://www.youtube.com/watch?v=PjPfx-XJJpc,1,レシピ
2024/01/12 20:28:13 JST,【肉汁やばいよ！】和の匠が思わず叫んだ、シン・ハンバーグ！【日本橋ゆかり三代目・野永喜三夫】｜クラシル #シェフのレシピ帖,Kurashiru [クラシル],https://www.youtube.com/watch?v=jLiNGXdUBWw,1,レシピ
2024/01/12 20:26:58 JST,【進化系、ここに登場】和の匠が教える、新時代の鶏の照り焼きレシピ【日本橋ゆかり三代目・野永喜三夫】｜クラシル #シェフのレシピ帖,Kurashiru [クラシル],https://www.youtube.com/watch?v=qnrBkzvDGlc,1,レシピ
2023/11/19 14:08:35 JST,【煮る前に焼くだけ】劇的に鍋がおいしくなる最高峰の「鶏鍋」の作り方を、12年連続ミシュランシェフに教えていただきました【青華こばやし・小林 雄二】｜クラシル #シェフのレシピ帖,Kurashiru [クラシル],https://www.youtube.com/watch?v=cOJ_Kopq3WU,1,レシピ
2023/11/19 14:06:33 JST,【150万回再生人気レシピ】簡単絶品お鍋！鶏やわらか白菜とろとろ！鶏と白菜のうまみ鍋の作り方,Koh Kentetsu Kitchen【料理研究家コウケンテツ公式チャンネル】,https://www.youtube.com/watch?v=89MpAC4CDIg,1,レシピ
2023/11/19 13:34:12 JST,とうとうこの傑作を発表出来る日が来た。キャベツがおかしいほどウマくなる悪魔のキャベツ鍋、爆誕,料理研究家リュウジのバズレシピ,https://www.youtube.com/watch?v=DId-aYJ67pk,1,レシピ
2023/11/03 16:13:20 JST,【STAUB 公式】とっておき旬レシピ「やさしい旨み」中華粥,ツヴィリング ジャパン,https://www.youtube.com/watch?v=ZJniRFsI56U,1,レシピ
2023/08/19 13:35:18 JST,Orangestar - 快晴 (feat. IA) Official Video,Orangestar,https://www.youtube.com/watch?v=BwGpXK3W6tE,1,音楽
2023/08/19 12:36:27 JST,アディショナルメモリー by 燦鳥ノム【歌ってみた】,燦鳥ノム - SUNTORY NOMU -,https://www.youtube.com/watch?v=RHA0UPfIZnw,15,音楽
2023/08/19 12:32:30 JST,Orangestar - Henceforth (feat. IA) Official Video,Orangestar,https://www.youtube.com/watch?v=L13gCEZJVRU,2,音楽
2023/08/19 12:11:29 JST,Orangestar - アスノヨゾラ哨戒班 (feat. IA) Official Video,Orangestar,https://www.youtube.com/watch?v=XogSflwXgpw,1,音楽
2023/08/08 21:02:54 JST,2012.04.05 なでしこジャパン　キリンチャレンジカップオフィシャルプログラム　福元美穂、近賀ゆかり、宮間あや、阪口夢穂、大野忍選手,yuumie,https://www.youtube.com/watch?v=gig9WPUUQtQ,1,レシピ
2023/08/02 18:50:59 JST,Orangestar - 雨き声残響 (feat. IA) Official Video,Orangestar,https://www.youtube.com/watch?v=0KK5vQlCVYo,1,音楽
2023/08/02 18:17:32 JST,Orangestar - Surges (feat. IA & 初音ミク) Official Video,Orangestar,https://www.youtube.com/watch?v=rkaNKAvksDE,1,音楽
2023/07/09 23:30:03 JST,もう鶏ガラ、コンソメの素は一生使わなくなる...１０分で作れる最強の調味料。【玉ねぎ麹レシピを５つ紹介】,OKUDAIRA BASE,https://www.youtube.com/watch?v=8y7IuqgC5Zk,1,レシピ
2023/07/06 20:11:48 JST,ラブカ？ by燦鳥ノム 【歌ってみた】,燦鳥ノム - SUNTORY NOMU -,https://www.youtube.com/watch?v=1kPcvoJ5mok,3,音楽
2023/07/03 21:37:11 JST,わらび餅の作り方☆少ない材料で簡単！混ぜて冷やすだけ♪もっちり食感のとろけるわらび餅レシピです！上手に仕上げるコツをご紹介☆-How to make Warabimochi-【料理研究家ゆかり】,料理研究家ゆかりのおうちで簡単レシピ / Yukari's Kitchen,https://www.youtube.com/watch?v=iE9YPgQwN8E,1,レシピ
2023/07/01 13:08:57 JST,「おいしい」と絶賛されたい人のためのキーマカレーの作り方,のんびりスパイスカレー調理室,https://www.youtube.com/watch?v=VRDijL2_fa4,1,レシピ
2023/07/01 11:52:03 JST,水を一滴も使わない、史上最強の旨味「レンジ無水キーマカレー」,料理研究家リュウジのバズレシピ,https://www.youtube.com/watch?v=rJPsUf8_gp8,1,レシピ
2023/06/13 11:36:00 JST,ヴィラン by燦鳥ノム 【歌ってみた】,燦鳥ノム - SUNTORY NOMU -,https://www.youtube.com/watch?v=GNiP2q7CaOk,2,音楽
2023/06/13 11:01:46 JST,Official髭男dism 「Pretender」 by 燦鳥ノム【歌ってみた】,燦鳥ノム - SUNTORY NOMU -,https://www.youtube.com/watch?v=VWePoYPpydY,2,音楽
2023/06/12 15:59:03 JST,Orangestar - ノクティルーカ (feat. IA) Music Video,Orangestar,https://www.youtube.com/watch?v=m367nnJRs-M,1,音楽
2023/06/03 12:18:11 JST,【保存版】市販品に負けない/クロテッドクリームの作り方,ゴハン時間とカフェ時間,https://www.youtube.com/watch?v=3aAFBH9c_9k,5,レシピ
2023/04/05 23:22:50 JST,【一度は試して！】ミシュラン12年連続シェフが教える、ちょっとした工夫で絶品になる「サーモンアボカド丼」の作り方【青華こばやし・小林 雄二】｜クラシル #シェフのレシピ帖,Kurashiru [クラシル],https://www.youtube.com/watch?v=Mpjn9DBoQyk,1,レシピ
2023/04/05 23:21:57 JST,【これがプロの味】和の匠が教える 絶品炊き込みご飯の作り方【日本橋ゆかり三代目・野永喜三夫】｜クラシル #シェフのレシピ帖,Kurashiru [クラシル],https://www.youtube.com/watch?v=L0FSIsjyJbg,1,レシピ
2023/04/05 23:21:29 JST,サーモンと新玉ねぎのカルパッチョ | kurashiru [クラシル],Kurashiru [クラシル],https://www.youtube.com/watch?v=_Y96reqryVE,1,レシピ
2023/03/12 17:26:47 JST,【ダイエット】卵ときな粉だけで作る、サクふわシフォンケーキ【低糖質 / 低脂質 / 低カロリー】,ばくばクック,https://www.youtube.com/watch?v=1Kbg7bPLQjU,1,レシピ
2023/03/11 20:54:24 JST,I've never eaten such delicious toast❗️ 🔝 4 simple and delicious toast recipes!,Cooking Everyday,https://www.youtube.com/watch?v=8wfZdhP-AEI,1,レシピ
2023/02/28 22:22:34 JST,【和の匠が教える】鶏もも肉で絶品“和風よだれ鶏“の作り方【日本橋ゆかり三代目・野永喜三夫】｜クラシル #シェフのレシピ帖,Kurashiru [クラシル],https://www.youtube.com/watch?v=pyvWmZ_KbT4,4,レシピ
2023/02/26 16:17:53 JST,【プロの自信作】老舗名門店三代目・野永喜三夫が教える本当においしい「鶏の照り焼き」【日本橋ゆかり三代目・野永喜三夫】｜クラシル #シェフのレシピ帖,Kurashiru [クラシル],https://www.youtube.com/watch?v=BnRN_5Y8fhw,1,レシピ
2023/02/26 12:57:37 JST,仕込みたったの５分【２回折るだけ】鶏むね肉のパサつきを解消し旨味がギュッ。胸肉の包み焼。,くまの限界食堂,https://www.youtube.com/watch?v=ecOnz1JQFnM,1,レシピ
2023/02/23 19:35:21 JST,トースターで作る「きな粉のスノーボール」サクサク・ほろほろっとした食感がたまらない美味しさ♪,DAIFUKU KITCHEN,https://www.youtube.com/watch?v=fXm3p_LC2VM,1,レシピ
2023/02/19 22:11:36 JST,"¡EL FAMOSO postre que está volviendo loco al mundo! Sin horno, ¡Con 1 solo huevo!",cooking kisy,https://www.youtube.com/watch?v=vMAkyACJvII,1,レシピ
2023/02/15 22:03:24 JST,【珠玉のバレンタインレシピ】日本最高峰のチーズケーキ専門店シェフが教える「アールグレイチーズケーキ」の作り方【Mr. CHEESECAKE・田村浩二】｜クラシル #シェフのレシピ帖,Kurashiru [クラシル],https://www.youtube.com/watch?v=9k5CX9mCk4w,1,レシピ
2023/02/14 20:11:36 JST,【ラクック#18】「キャベツと挽肉のチーズ焼き」魚焼きグリルで作る本日の一品。下ごしらえ5分でカンタン！,ひねもすキッチン / Hinemosu Kitchen,https://www.youtube.com/watch?v=x1dwG72CmzU,1,レシピ
2023/02/11 17:13:07 JST,チョコレートムースケーキの作り方☆材料3つで超簡単！ふわふわ濃厚なめらか！混ぜて冷やすだけ☆バレンタインにオススメな簡単チョコレシピ♪-Chocolate Mousse Cake-【料理研究家ゆかり】,料理研究家ゆかりのおうちで簡単レシピ / Yukari's Kitchen,https://www.youtube.com/watch?v=2uLAVZmuyp8,1,レシピ
2023/02/11 17:11:55 JST,【鍋革命】鍋の素不要！鍋にうるさいあなたを必ず唸らせる『やばい鶏塩鍋』の作り方,だれウマ【料理研究家】,https://www.youtube.com/watch?v=bWv66a09Wjc,1,レシピ
2023/02/11 17:10:31 JST,グリルチキン　魚焼きグリルとグリルパンで　簡単　ジューシー,Hakuの料理,https://www.youtube.com/watch?v=4CQG66Z3QcI,2,レシピ
2023/02/11 16:24:47 JST,【居酒屋堤下】HISASHIさん、ご来店。絶対に聞けない話を話してくれました！,堤下食堂,https://www.youtube.com/watch?v=x5MGVEAbioA,1,レシピ
2023/01/27 19:29:00 JST,怒涛の５枚焼き比べ〜美味しいステーキの焼き方を松尾シェフが伝授！〜これであなたも上級者！,Grand Chef MATSUO  松尾幸造,https://www.youtube.com/watch?v=_1zKpvwttsE,1,レシピ
2023/01/19 22:51:38 JST,餅がお家にありましたら お試しを！【ミゾレと狸】たぬきもち。,くまの限界食堂,https://www.youtube.com/watch?v=Xy-dvzSZoqQ,1,レシピ
2023/01/17 21:30:43 JST,【餅の簡単レシピ】小松菜と炒めるだけ！驚くほどうまい,毎日中華,https://www.youtube.com/watch?v=Okm0An4ixW0,1,レシピ
2023/01/13 22:46:43 JST,The most difficult omlette at hibachi restaurant,Sushi Bomber TV クッキング最前線,https://www.youtube.com/watch?v=AVGBtzpFvwI,1,レシピ
2023/01/13 21:16:23 JST,【ひと工夫】綺麗な断面のフルーツケーキの作り方 | ショートケーキ お菓子作り フルーツケーキ asmr,しぃじーの本格お菓子作り | C&G Cooking,https://www.youtube.com/watch?v=Qp2ly5VadUA,1,レシピ
2023/01/12 22:42:24 JST,Japanese Street Food - Japanese Pancake DORAYAKI Jiggly Fluffy Cake,Sushi Bomber TV クッキング最前線,https://www.youtube.com/watch?v=-7nvbzLCM_Q,1,レシピ
2023/01/10 20:02:23 JST,【りんご好きパティシエ】一番おいしい！タルトタタンの作り方 Tarte Tatin,パティシエール今日のおやつ,https://www.youtube.com/watch?v=QZfWyLhGegc,1,レシピ
2023/01/08 16:30:21 JST,ダイソースキレットでドンキのステーキ肉を食らう！！,カズ飯/Cooking Kazu,https://www.youtube.com/watch?v=YjlK8fQqnZY,1,レシピ
2023/01/04 21:27:39 JST,【ケンタッキーフライドチキンの再現】1ピース40円でできます♡,再現レシピ稲垣飛鳥のasucafe channel,https://www.youtube.com/watch?v=l_tNx6liuiY,1,レシピ
2023/01/04 21:16:30 JST,美味しすぎて１本ペロっと食べちゃう大根ステーキ♪味しみしみ㊙︎時短レシピ　〈Japanese white radish Steak〉,馬場ごはん〈ロバート〉Baba's Kitchen,https://www.youtube.com/watch?v=mmRXX0Nhnsk,1,レシピ
2022/12/31 17:24:27 JST,【パンキャンプ】手を汚さずメスティンでパンを焼く,小さなパン屋うたの暮らし,https://www.youtube.com/watch?v=Jy29t7VfMrE,1,レシピ
2022/12/31 17:24:07 JST,これはヤバい！ダイソーのメスティンでパンが焼けちゃう【キャンプ】,親方食堂,https://www.youtube.com/watch?v=wznBKF4eDz4,1,レシピ
2022/11/20 11:18:56 JST,☆謝甜記貮号店のお粥の作り方☆,mizutani shogo,https://www.youtube.com/watch?v=iHQA8_2uEPQ,1,レシピ
2022/11/06 18:08:15 JST,【5つ星ホテル伝統のレシピ】トマトの旨味と牛肉がとろける“至高のビーフストロガノフ“の作り方【帝国ホテル 東京・杉本雄 料理長】｜クラシル #シェフのレシピ帖,Kurashiru [クラシル],https://www.youtube.com/watch?v=2nFBkx5-5sc,1,レシピ
2022/10/26 17:07:21 JST,EGOIST『BANG!!! (M2U Remix)』Music Video (from 10th Single『Gold』),EGOIST Official YouTube Channel,https://www.youtube.com/watch?v=x4sIy9kdcHE,2,音楽
2022/10/25 15:23:02 JST,EGOIST『Door』Music Video（アニメ映画【Project Itoh】「屍者の帝国」主題歌）,EGOIST Official YouTube Channel,https://www.youtube.com/watch?v=QPu6shpVdpM,1,音楽
2022/10/25 15:13:26 JST,EGOIST『Welcome to the *fam』Music Video,EGOIST Official YouTube Channel,https://www.youtube.com/watch?v=ysvdj1m5Shc,1,音楽
2022/10/25 15:00:34 JST,EGOIST『絶体絶命』Music Video（スマートフォンゲーム「アズールレーン」簡体字版リリース4周年記念主題歌）,EGOIST Official YouTube Channel,https://www.youtube.com/watch?v=DR5FSueiJxI,1,音楽
2022/10/25 14:57:23 JST,EGOIST『BANG!!!』Music Video（TVアニメ「ビルディバイド -#000000-」オープニングテーマ）,EGOIST Official YouTube Channel,https://www.youtube.com/watch?v=8CfHTQGoPv4,1,音楽
2022/10/21 10:54:23 JST,【歌ってみた】 だれかの心臓になれたなら by 燦鳥ノム,燦鳥ノム - SUNTORY NOMU -,https://www.youtube.com/watch?v=1VOJb-eV6fQ,1,音楽
2022/10/09 20:52:03 JST,【人気レシピ♪】朝ごはんレシピ10選！【朝食のレパートリーが増える】,デリッシュキッチン,https://www.youtube.com/watch?v=5MXHWrpbVVc,1,レシピ
2022/10/09 14:45:01 JST,【MMD】ドラマツルギー by 燦鳥ノム【歌ってみた】,燦鳥ノム - SUNTORY NOMU -,https://www.youtube.com/watch?v=Q5jHSeEKDek,2,音楽
2022/10/09 14:35:43 JST,檄!帝国華撃団 by燦鳥ノム・富士葵・ときのそら【歌ってみた】,燦鳥ノム - SUNTORY NOMU -,https://www.youtube.com/watch?v=35fKzdDH654,2,音楽
2022/10/09 12:31:58 JST,【あの森永製菓から伝授】ホットケーキは、この5つのワザで確実に3倍ふんわりします,ホッとケーキさん。,https://www.youtube.com/watch?v=LJyNfLDLRe0,1,レシピ
2022/09/26 14:11:35 JST,#エンヴィーベイビー by燦鳥ノム 【歌ってみた】,燦鳥ノム - SUNTORY NOMU -,https://www.youtube.com/watch?v=zqQUJMNQeCQ,1,音楽
2022/09/23 14:01:54 JST,はじまりのうた,GLAY - Topic,https://www.youtube.com/watch?v=Ws2ElPz8Gk0,1,音楽
2022/09/21 19:19:29 JST,【和食のプロが教える】5分でできる チーズがとろけるだし巻き玉子の作り方 【日本橋ゆかり三代目・野永喜三夫】｜クラシル #シェフのレシピ帖,Kurashiru [クラシル],https://www.youtube.com/watch?v=TIabenVxixo,1,レシピ
2022/09/21 19:07:31 JST,【難しい工程一切無し】和の匠が伝授する、簡単すぎるふわとろ和風オムレツの作り方【日本橋ゆかり・野永喜三夫】｜クラシル #シェフのレシピ帖,Kurashiru [クラシル],https://www.youtube.com/watch?v=rGrWrb9m6YI,1,レシピ
2022/09/21 19:02:56 JST,【家にある調味料で】すき焼きとしゃぶしゃぶの良いところ取り 絶品鍋の作り方【日本橋ゆかり三代目・野永喜三夫】｜クラシル #シェフのレシピ帖,Kurashiru [クラシル],https://www.youtube.com/watch?v=_fGLg7bEcJA,1,レシピ
2022/09/21 19:01:43 JST,【和の匠が教える】調味料1つで簡単！とろとろ親子丼【#野永喜三夫のヤバウマ飯 vol.1】｜クラシル #シェフのレシピ帖,Kurashiru [クラシル],https://www.youtube.com/watch?v=yd5L_6RyJag,1,レシピ
2022/09/21 19:01:33 JST,【和の匠が教える】誰でもパラパラに作れる！お手軽黄金焼き飯【#野永喜三夫のヤバウマ飯 vol.2】｜クラシル #シェフのレシピ帖,Kurashiru [クラシル],https://www.youtube.com/watch?v=VOlY1TFz6LY,1,レシピ
2022/09/21 18:52:58 JST,【和の匠】ナスと豚バラがとろけて本当に美味しい、濃厚トマ味噌炒めの作り方【日本橋ゆかり・野永喜三夫】｜クラシル #シェフのレシピ帖,Kurashiru [クラシル],https://www.youtube.com/watch?v=INHYAWTCDgI,1,レシピ
,BELOVED,GLAY - Topic,https://www.youtube.com/watch?v=_PEhTW-KhHw,1,音楽
,【連日怒涛のGWコラボ】ローカルっていうからには、自作するか現地じゃないとまず無理な食べ方で【胡辣汤】,美鈴菜館,https://www.youtube.com/watch?v=aTy7Hf4DScY,1,レシピ
,【材料4つ】混ぜて冷やすだけ！タッパーそのままパンナコッタ作り方！【syun cooking】,syun cooking,https://www.youtube.com/watch?v=KgwhXIMGnk4,1,レシピ
,【エジプト編】国民食「コシャリ」エキゾチックなごはんパスタ｜Egypt,BS4 Kitchen【大使館レシピ】【屋台メシ部】,https://www.youtube.com/watch?v=Eo8mps4KWzw,1,レシピ
,【ゆっくり料理】溜肉段【豚唐揚げの醬油あん炒め】,美鈴菜館,https://www.youtube.com/watch?v=YiH8zy5E1pM,1,レシピ
,【ゆっくり料理】さやいんげんをいい感じにパラッと炒める感じの料理【干煸四季豆】,美鈴菜館,https://www.youtube.com/watch?v=gj5PsnOYgUA,1,レシピ
,L'Arc~en~Ciel ( hyde ) ft GLAY - Yuuwaku/誘惑 & Honey | Live @Jack in The Box '07 | Indonesia Subtitle,L'arcvids,https://www.youtube.com/watch?v=BvVJ3b4spvo,1,音楽
,Reviewing Kitchen Gadgets | S3 E12 | Sorted Food,Sorted Food,https://www.youtube.com/watch?v=CzJD0e0vsRs,1,レシピ
,たけのこの和風だしパスタ（2025年4月26日放送）【３分クッキング公式】,キユーピー3分クッキング【CBCテレビ公式】,https://www.youtube.com/watch?v=YkO6qUk-WaM,1,レシピ
,【350万回再生人気レシピ】レンジで超簡単！クセになるウマさ！蒸しキャベツナムルの作り方,Koh Kentetsu Kitchen【料理研究家コウケンテツ公式チャンネル】,https://www.youtube.com/watch?v=w758Kg18QMk,1,レシピ
,フランス料理界の新星！Ｇｅｏｒｇｅシェフの【俺のカルボナーラ】が常識外れのレシピだった,Chef Ropia料理人の世界,https://www.youtube.com/watch?v=uxRlBiCT948,1,レシピ
,【ガチ四川】口水鸡【ゆっくり料理】【よだれ鶏】,美鈴菜館,https://www.youtube.com/watch?v=-PEtAWwDD54,1,レシピ
,【ゆっくり料理】辣覇を手に入れたので叩きキュウリ作る【涼拌黄瓜】#shorts,美鈴菜館,https://www.youtube.com/watch?v=lal7e8y26pk,1,レシピ
,【ゆっくり料理】葱油餅【中華ネギパイ】,美鈴菜館,https://www.youtube.com/watch?v=6hprvEADvBU,1,レシピ
,【ゆっくり料理】北京ダックの代わりに作られたらしい料理【京酱肉丝】,美鈴菜館,https://www.youtube.com/watch?v=kS7NWPMTpnE,1,レシピ
,【ゆっくり料理】饅頭【麦食え麦。】,美鈴菜館,https://www.youtube.com/watch?v=7XQ-pIPxd6c,1,レシピ
,【誰もやってない】キッチンカーの高級江戸前鮨が人気！25歳の熱い野望を持つ大将の料理に常連客が唸る！Chef serving sushi at Japanese food stall,Samurai Food,https://www.youtube.com/watch?v=7KDrs6jhDVo,1,レシピ
,【カルディガチ勢女子】におすすめを教わったら土下座レベルでヤバい商品が飛び出しました,料理研究家リュウジのバズレシピ,https://www.youtube.com/watch?v=3tiyugjCT2U,1,レシピ
,正直、手羽先は仕込みで味が全く違います。お店が開けるレベルに旨い【最高傑作手羽先唐揚げ】,料理研究家リュウジのバズレシピ,https://www.youtube.com/watch?v=IvPN-BZ7Oyk,1,レシピ
,この納豆を知らずに死ななくて良かった…と本気で思えるほどヤバい納豆に出会えた、忖度無し納豆選手権,料理研究家リュウジのバズレシピ,https://www.youtube.com/watch?v=c_rIZITTwN4,1,レシピ
,無印のレトルトカレーを忖度無しでレビューしたら忖度無さすぎて放送事故になりました。,料理研究家リュウジのバズレシピ,https://www.youtube.com/watch?v=C_tU-9UCi40,1,レシピ
,ただのポテトサラダって呼べない！神レシピ,ハングリーハスキー / おうちで海外料理,https://www.youtube.com/watch?v=l73InTcoUgI,1,レシピ
,開店から２時間で売り切れ！思わず釘付けになるケーキ作りに密着（人気スイーツ店まとめ）,はらPecoスイーツ,https://www.youtube.com/watch?v=J-m9utMdS2w,1,レシピ
,誰でも作れるアクアパッツァ。お店で食べるより簡単で美味しくつくれます。,Aosトラットリア〜青池のオッティモな食卓,https://www.youtube.com/watch?v=8k84yfCSRT0,1,レシピ
,SNSで話題のたこ焼き機で小籠包作った結果ww #shorts,せこまる食堂,https://www.youtube.com/watch?v=5Xv92wmD8yI,1,レシピ
,【外さない失敗無し】帰宅して10分の13品1週間の下味冷凍献立！新生活に簡単で美味しいリピ確定作り置きレシピ！,まごころ和定食 うつわと料理vlog,https://www.youtube.com/watch?v=1_9IpJ3vUFM,1,レシピ
,【完全神回】GLAYのTERUさんが参戦！！ HISASHIさんとハンバーグ対決のはずが、すごい展開に！,堤下食堂,https://www.youtube.com/watch?v=-uBtHxfoIuo,1,レシピ
,GLAYのHISASHIさんとハンバーグ対決！審査員のTERUさんが…        #堤下食堂 #GLAY #HISASHI #TERU #shorts,堤下食堂,https://www.youtube.com/watch?v=7dAqgjn64os,1,レシピ
,GLAYのHISASHIさん来店！店長とHISASHIさんで勝負！まさかの堤下食堂閉店！？,堤下食堂,https://www.youtube.com/watch?v=I9PIUszthYw,1,レシピ
,GLAYのHISASHIさんとガチンコ！から揚げ対決をしたら、とんでもない結末になった！,堤下食堂,https://www.youtube.com/watch?v=qRcOVtR5wJc,1,レシピ
,冷凍パスタを食べ尽くした男がダントツで一番美味しかった味を元に究極のパスタ作ります,料理研究家リュウジのバズレシピ,https://www.youtube.com/watch?v=KdHSkw4LN3o,1,レシピ
,【二度とドレッシング買わなくなる】叙々苑に勝てるヤバいサラダの製造法,料理研究家リュウジのバズレシピ,https://www.youtube.com/watch?v=rkpjjREEI3c,1,レシピ
,僕が不味いと言ってしまい炎上した冷凍餃子について言い訳しながらヤバい旨い3品作ります,料理研究家リュウジのバズレシピ,https://www.youtube.com/watch?v=V8bPMfbyzZc,1,レシピ
,ついに市販で一番うめえ餃子が決まる。料理研究家、批判覚悟の正直レビュー【冷凍&チルド餃子選手権】,料理研究家リュウジのバズレシピ,https://www.youtube.com/watch?v=rp6vrJV8j54,1,レシピ
,A5ランクの肉は要らない！！あえて【A4ランクの肉】で勝負する浅草の焼肉が人生で一番旨かった,料理研究家リュウジのバズレシピ,https://www.youtube.com/watch?v=hNz-pOXwwN0,1,レシピ
,ついに市販で【一番うめえカレールー】が決まる。料理研究家、魂の忖度無し市販のカレールーレビュー,料理研究家リュウジのバズレシピ,https://www.youtube.com/watch?v=cG4elvruRlc,1,レシピ
,【炎上確定】絶対に忖度しない料理研究家が決める高級レトルトカレー忖度無しレビュー,料理研究家リュウジのバズレシピ,https://www.youtube.com/watch?v=hG3Jn4ypp6M,1,レシピ
,ついに料理研究家が度肝を抜かれた冷凍食品あらわる。絶対忖度しない男が決める【冷凍パスタ王決定戦】,料理研究家リュウジのバズレシピ,https://www.youtube.com/watch?v=47SDoeT62p4,1,レシピ
,マジでカルディにブチギレられるかもしれません。忖度なしに人気商品を料理研究家がレビューしました,料理研究家リュウジのバズレシピ,https://www.youtube.com/watch?v=suALUyOMS6s,1,レシピ
,市販で「手作りよりうめえ唐揚げ粉」ついに見つかる。料理研究家がガチでやる【忖度無し唐揚げ粉レビュー】,料理研究家リュウジのバズレシピ,https://www.youtube.com/watch?v=h8atL9rxDy4,1,レシピ
,【永久保存版】作れば分かる！一度食べたら絶対に忘れられない 究極つくね鍋【日本橋ゆかり三代目・野永喜三夫】｜クラシル #シェフのレシピ帖,Kurashiru [クラシル],https://www.youtube.com/watch?v=meTscZGtCUg,1,レシピ
,大満足がこんなに簡単に楽しめる【焼ニラ饅頭】餃子より激烈簡単。,くまの限界食堂,https://www.youtube.com/watch?v=BPvly6v-cps,1,レシピ
,冷凍パイシートで作る激ウマおやつレシピ BEST10【甘いもしょっぱいも】,テイストメイド ジャパン,https://www.youtube.com/watch?v=uDy3IU_eGZM,1,レシピ
,"No oven, No yeast! Anyone has potato at home can do it! Incredibly easy, delicious and fast",Qiong Cooking,https://www.youtube.com/watch?v=kLzNo7Rb4Y8,1,レシピ
,【板前の技術】意外と知らないブロッコリーの火の通し方教えます,飲食店独立学校 /こうせい校長,https://www.youtube.com/watch?v=-Nq3wd8RDrU,1,レシピ
,息子に『バカウマっ！』と言われた！自分で作った方が安いクリスピークリーム・グレーズドイーストドーナツ・レシピ！Krispy Kreme Yeast Donut Recipe--It's cheap!,デビ COOKS,https://www.youtube.com/watch?v=fDPHypUwIik,1,レシピ
,カレー専門家にバターチキンを作らせたら超簡単にヤバいウマいヤツ出来ました…,料理研究家リュウジのバズレシピ,https://www.youtube.com/watch?v=eCgyuMsP6O8,1,レシピ
,【下味冷凍】魔法のポリ袋で毎日の料理が楽になる｜1週間の冷凍おかず｜1週間の献立レシピ｜レンジレシピ/アイラップレシピ【冷凍・冷蔵◎家事貯金】作り置き｜コメント欄に注意事項あります！必読,とん妻【ズボラ食堂】,https://www.youtube.com/watch?v=6O2tkIkCmGo,1,レシピ
,【下味冷凍⑤】レンジで楽ちん❤️1週間の献立レシピ｜一週間の冷凍おかず｜魔法のポリ袋で洗い物ほぼ無し『家事貯金』｜レンジレシピ/アイラップレシピ/時短レシピ【冷凍・冷蔵◎】作り置き｜とん妻,とん妻【ズボラ食堂】,https://www.youtube.com/watch?v=d9_bU8vJIiM,1,レシピ
,【下味冷凍】1週間分の作り置きレシピ｜冷凍おかず｜ママの為の時短テクニック【冷凍保存・冷蔵保存・家事貯金】,とん妻【ズボラ食堂】,https://www.youtube.com/watch?v=qU3VjrkO9n4,1,レシピ
,【シェフの技術】家で簡単にモッツァレラチーズ作れます,飲食店独立学校 /こうせい校長,https://www.youtube.com/watch?v=xYQlZSYfvzU,1,レシピ
,【材料２つ】２０分で【自家製】モッツァレラを楽しむ。,くまの限界食堂,https://www.youtube.com/watch?v=K71unIGAFgo,1,レシピ
,【起床後30分焼き立て】朝は茹でて焼くだけ本格ベーグル‼️夜仕込み 捏ねたら直ぐ分割 直ぐ成形~超時短⭐︎30 minutes bagel.,あつあつパン教室,https://www.youtube.com/watch?v=c6jnfq-h2DI,1,レシピ
,１週間食べてみる→すこぶる体調が良いので ご紹介【すぐ出来て続けられる】旨い健康食。,くまの限界食堂,https://www.youtube.com/watch?v=lzxuQKN82Zg,1,レシピ
,ジャガイモあったらやって下さい。サックサック！ フライドポテト,くまの限界食堂,https://www.youtube.com/watch?v=oCFWVrrrrfM,1,レシピ
,【口溶けとろける】板チョコで最高に美味しく作れる「生チョコトリュフ」の作り方｜バレンタイン【LA BONNE TABLE・中村和成】｜クラシル #シェフのレシピ帖,Kurashiru [クラシル],https://www.youtube.com/watch?v=heAF-DHFhLs,1,レシピ
,もう市販のクリームチーズは買いません｜牛乳で作る自家製クリームチーズ｜牛乳レシピ研究家｜２つのお勧めホエーレシピもご紹介します｜料理研究家｜料理教室の先生,料理教室のBonちゃん,https://www.youtube.com/watch?v=9ANA3bu3iJ8,1,レシピ
,【200万回再生人気レシピ】ホットサンドレシピ10選！朝ごはんにもお昼ごはんにも,macaroni | マカロニ,https://www.youtube.com/watch?v=DTt2CBhnF_c,1,レシピ
,【驚きの時短&簡単レシピ】タルトタタンの作り方 / 失敗から生まれたお菓子だけど失敗なし！,ゴハン時間とカフェ時間,https://www.youtube.com/watch?v=RbR0KeIcA8s,1,レシピ
,【秘密の作り方を初公開】バットで作るのがポイント/口溶けのよい絶品スコーン,ゴハン時間とカフェ時間,https://www.youtube.com/watch?v=6F3hpa11vYI,1,レシピ
